phrase_number,category,tags
3,general,Flowers
4,general,"Eyes, of athiefl"
4,general,Eyes
7,general,"Dog, obedience of"
7,general,Dog
9,general,Errors
9,general,Faults
10,general,Foreigners (see also Caucasians)
13,general,"Food, choice or not choice"
13,general,Food
14,general,Deceit
14,general,Disappointment
14,general,Fishermen
14,general,"Flight, from trouble"
14,general,Flight
15,general,Disbelief
15,general,Excrement
16,general,"Dog, obedience of"
16,general,Dog
16,general,Fishing
16,general,Food
17,general,Disbelief
17,general,Excrement
18,general,Delusion
21,general,Exposure
22,general,Exposure
22,general,Genitals
23,general,Expectation
23,general,"Fish, until caught"
23,general,Fish
23,general,Fishing
24,general,Desertion
25,general,Departure
27,general,Disappointment
29,general,Eyes
30,general,Futility
31,general,"Face, slapped"
31,general,Face
31,general,Genealogy
36,general,"Departure, of loved one"
36,general,Departure
37,general,"Disappointment, signs of"
37,general,Disappointment
37,general,"Dreams, of genitals"
37,general,Dreams
37,general,"Genitals, in dreams"
37,general,Genitals
38,general,"Enticement/lure, of man"
38,general,Enticement/lure
38,general,Fishing
39,general,"Enticement/lure, of man"
39,general,Enticement/lure
39,general,Fishing
46,general,Destitution (see also poverty)
47,general,Drunkenness
49,general,Futility
51,general,Excrement
51,general,Flatulence
51,general,Genealogy
52,general,"Fish, plentiful"
52,general,Fish
53,general,"Flowers, inwindl"
53,general,Flowers
56,general,Exploitation (see also parasite)
58,general,"Gods, home of"
58,general,"Gods, prerogatives of"
58,general,Gods
59,general,"Food, scent of"
59,general,Food
60,general,"Destruction, by words"
60,general,Destruction
61,general,"Gods, prerogatives of"
61,general,Gods
62,general,Fishing
62,general,"Games, of children"
62,general,Games
63,general,Eyes
64,general,"Eating, voracious"
64,general,"Eating, thought for the future"
64,general,Eating
64,general,"Food, for others"
64,general,Food
68,general,"Destination, inquiry as to"
68,general,"Failure, tempting"
68,general,Failure
68,general,Feet/foot
68,general,"Fishing, re"
68,general,"Fishing, re"
68,general,Fishing
69,general,Future
70,general,Favors
70,general,"Food, kind"
70,general,Food
72,general,Flowers
73,general,"Family, as to health"
73,general,Family
73,general,"Friend, to health"
73,general,Friend
75,general,Eating
76,general,Eating
77,general,"Departure, from feast"
77,general,"Departure, premature"
77,general,Departure
77,general,Eating
77,general,Feasts
78,general,Feasts
78,general,"Food, delicious"
78,general,Food
80,general,"Dust, red"
80,general,"Dust, rising"
80,general,Dust
81,general,"Face, of ali'i/chief"
81,general,Face
82,general,Eating
82,general,Eating
83,general,"Eating, of taro"
83,general,Eating
84,general,"Dog, eats own vomit"
84,general,Dog
84,general,"Eating, of vomit"
84,general,Eating
85,general,"Eating, habits of rats"
85,general,Eating
85,general,"Excrement, of rats"
85,general,Excrement
86,general,Eating
86,general,Exploitation (see also parasite)
86,general,Foreigners (see also Caucasians)
87,general,"Destruction, by sorcery"
87,general,Destruction
87,general,"Eating, of filth"
87,general,Eating
87,general,"Excrement, use in sorcery"
87,general,Excrement
87,general,"Gods, of destruction"
87,general,Gods
89,general,Eating
89,general,Flatulence
90,general,Fear
92,general,Desires
92,general,"Eyes, longing"
92,general,Eyes
93,general,"Eyes, red"
93,general,Eyes
93,general,"Food, under-cooked"
93,general,Food
94,general,Gain
97,general,Fling
98,general,Destitution (see also poverty)
99,general,Excrement
99,general,Exploitation (see also parasite)
104,general,Eyes
105,general,Familiarity
106,general,"Food, scent of"
106,general,Food
107,general,Eating
108,general,Disturbance
109,general,Eyes
111,general,Forgetfulness
112,general,Destitution (see also poverty)
112,general,Genitals
115,general,Enemy
116,general,Disagreeable
118,general,Disturbance
118,general,"Fragrance, of seaweed"
118,general,Fragrance
119,general,"Earth, nature of"
119,general,Earth
120,general,Effort
120,general,Fishing
120,general,Futility
123,general,Fish
123,general,Fishing
124,general,"Food, choosiness about"
124,general,Food
124,general,Fussiness
125,general,Farmers
125,general,Fishermen
125,general,Food
125,general,Giving
126,general,Disturbance
128,general,"Fragrance, of roasted kukui"
128,general,Fragrance
129,general,"Fishing, in good weather"
129,general,Fishing
130,general,Errors
131,general,Elusiveness
131,general,Escape
131,general,"Gods, approval of"
131,general,Gods
132,general,Futility
134,general,"Games, of children"
134,general,Games
141,general,Deeds
144,general,Eggs
144,general,Generosity
145,general,Elusiveness
146,general,"Food, sufficient"
146,general,Food
147,general,Exploitation (see also parasite)
148,general,Estrangement
148,general,"Friend, refusal to recognize"
148,general,"Friend, snub by"
148,general,Friend
149,general,"Family, refusal to recognize"
149,general,Family
149,general,"Friend, refusal to recognize"
149,general,Friend
150,general,"Ear, base of"
150,general,Ear
152,general,"Earth, red"
152,general,Earth
153,general,"Food, entering mouth"
153,general,Food
156,general,Disobedience
156,general,"Ear, hairy"
156,general,Ear
157,general,"Effort, little"
157,general,Effort
159,general,"Gods, presence of"
159,general,Gods
161,general,Departure
161,general,Distraction/distracted
161,general,Excuses
161,general,"Fish, small"
161,general,Fish
162,general,"Eating, of poi"
162,general,Eating
162,general,Fingers
163,general,Flies
166,general,Evi
166,general,Fences
167,general,"Dog, others"
167,general,Dog
167,general,"Gods, others"
167,general,Gods
168,general,Food
169,general,Flies
169,general,Foolishness
170,general,Destruction
172,general,Equality
172,general,Family
173,general,Gain
174,general,Distance
175,general,Distance
176,general,Experience
176,general,"Fishing, for shrimp"
176,general,Fishing
178,general,Fishing
179,general,Fear
181,general,Destitution (see also poverty)
182,general,Food
182,general,"Friend, consideration for"
182,general,Friend
184,general,Fatalism
184,general,Futility
185,general,Desires
185,general,Eyes
186,general,Exploitation (see also parasite)
186,general,Famine
186,general,"Food, lack of"
186,general,Food
187,general,Generosity
188,general,"Errors, don't cause death"
188,general,Errors
188,general,"God, caterpillar"
190,general,Equality
191,general,Evi
191,general,"Family, not valuing"
191,general,Family
191,general,Friend
193,general,"Food, burned"
193,general,Food
194,general,"Food, burned"
194,general,Food
196,general,Genealogy
197,general,Details
197,general,Discussion
202,general,Excrement
204,general,Family
204,general,Fish
204,general,"Friend, avoidance of"
204,general,Friend
205,general,Gifts
209,general,Effort
211,general,"Food, fortravel"
211,general,Food
211,general,Generosity
211,general,"Gifts, whenvisiting"
211,general,Gifts
212,general,Flea
213,general,"Food, reached with stick"
213,general,Food
213,general,"Gathering, of food (see also fishing),"
216,general,Defiance
217,general,Feet/foot
217,general,Fish
218,general,Deceit
219,general,"Destruction, danger of"
219,general,Destruction
219,general,Disgrace
219,general,"Flight, timefor"
219,general,Flight
220,general,Drowning
220,general,Futility
221,general,Fish
224,general,"Friend, high-ranking people"
224,general,Friend
225,general,Endurance
225,general,Fire
226,general,Fish
228,general,Experience
228,general,Familiarity
231,general,Equality
234,general,Endurance
238,general,Fishpond
240,general,Fishpond
241,general,Deceit
241,general,Exposure
241,general,Eyelids
241,general,"Eyes, show contempt"
241,general,Eyes
241,general,Genitals
242,general,Endurance
243,general,Disagreeable
243,general,Dislike
243,general,Distaste
244,general,Forgetfulness
248,general,Flirtation
250,general,"Food, choice or not choice"
250,general,Food
251,general,"Eating, what is available"
251,general,Eating
252,general,"Eating, with thought for the future"
252,general,Eating
253,general,Descendants
255,general,Eyelashes
260,general,Encouragement
261,general,"Eating, arrives"
261,general,Eating
263,general,"Errors, attempt to rectify"
263,general,Errors
263,general,"Gods, to"
263,general,Gods
267,general,Eyes
267,general,Familiarity
268,general,Errors
271,general,Decomposition (see also rotten)
271,general,Evi
271,general,Flowers
271,general,Food
273,general,Eating
274,general,Fishing
275,general,"Family, spirits aiding"
275,general,Family
275,general,Ghosts/spirits
277,general,Eating
278,general,"Food, patch"
278,general,Food
279,general,"Destination, inquiry as to"
279,general,"Dog, supernatural"
279,general,Dog
279,general,Evasion
279,general,Gifts
281,general,"Food, choice or not choice"
281,general,"Food, rich"
281,general,Food
282,general,Earth
282,general,Future
283,general,Experience
284,general,Egotism
288,general,Endurance
293,general,Eating
294,general,"Departure, replacement for one who has gone"
294,general,Departure
296,general,Fishing
298,general,Defiance
302,general,"Destruction, when small"
302,general,Destruction
305,general,"Friend, greeting of"
305,general,Friend
307,general,Fishing
308,general,Genealogy
309,general,Errors
310,general,"Dog, love wasted on"
310,general,Dog
312,general,"Fighting (see also battle, warfare)"
313,general,"Destruction, of others"
313,general,Destruction
314,general,"Fish, in sluice gate"
314,general,Fish
314,general,Fishing
314,general,"Gate, sluice"
315,general,"Eating, of poi"
315,general,Eating
315,general,Fingers
318,general,Destruction
318,general,Eyelids
318,general,"Ghosts/spirits, of Lana'i"
318,general,Ghosts/spirits
320,general,"Fighting (see also battle, warfare), challenge to"
320,general,"Fighting (see also battle, warfare)"
321,general,Future
322,general,"Family, among"
322,general,Family
324,general,Errors
325,general,Details
326,general,Effort
329,general,Eyebrows
329,general,"Food, vegetable"
329,general,Food
337,general,Elders
338,general,Desires
338,general,Fish
340,general,Futility
344,general,"Gods, duty of"
344,general,Gods
346,general,Elders
346,general,"Food, of chiefs"
346,general,Food
347,general,Elders
351,general,Errors
351,general,Forgiveness
351,general,"Gods, of fenses against"
351,general,"Gods, to"
351,general,Gods
356,general,Future
359,general,"Descendants, of chiefs"
359,general,Descendants
360,general,"Flowers, on way to uplands"
360,general,Flowers
363,general,Despair
364,general,"God, caterpillar"
364,general,"Gods, a witness"
364,general,Gods
369,general,Equanimity
369,general,Generosity
370,general,"Gods, kapu of"
370,general,Gods
371,general,Encouragement
372,general,"Eating, of poi"
372,general,Eating
372,general,Fingers
375,general,"Diaphragm (see also chest, stomach)"
375,general,Eating
375,general,"Food, humble"
375,general,Food
377,general,Forehead
381,general,Encouragement
382,general,"Gathering, of food (see also fishing),"
385,general,Drowning
388,general,Generosity
389,general,Dog
394,general,"Departure, left behind at"
394,general,Departure
397,general,"Friend, desertion of"
397,general,Friend
398,general,"Departure, left behind at"
398,general,Departure
400,general,"Departure, anger"
400,general,Departure
402,general,Extravagance
403,general,Giving
405,general,Forests
407,general,"Games, of chiefs"
407,general,Games
409,general,Flirtation
409,general,"Flowers, field"
409,general,Flowers
420,general,"Departure, final"
420,general,Departure
423,general,"Difficulty, end of"
424,general,Departure
425,general,Fear
426,general,Elusiveness
427,general,"Difficulty, end of"
428,general,"Food, sufficient"
428,general,"Food, thanks for"
428,general,Food
431,general,Discord
431,general,Flint
432,general,"Excrement, it, water"
432,general,Excrement
433,general,Ferns
433,general,"Fragrance, ferns"
433,general,Fragrance
434,general,Eyelids
435,general,"Eating, rush to"
435,general,Eating
436,general,Footsteps
442,general,"Fishing, importance of alertness"
442,general,Fishing
444,general,"Fin, dorsal"
444,general,Flattery
445,general,Elders
446,general,"Fish, fighting"
446,general,Fish
446,general,"Fishing, preparationfor"
446,general,Fishing
449,general,"Enticement/lure, gifts"
449,general,Enticement/lure
449,general,Fish
449,general,"Giving, an enticement"
449,general,Giving
451,general,Fish
451,general,Fishermen
451,general,"Gods, of fishermen"
451,general,Gods
454,general,"Elders, mistreatment of"
454,general,"Elders, respectfor"
454,general,Elders
455,general,Fences
458,general,Food
459,general,"Farming (see also planting), weather on"
459,general,Farming (see also planting)
459,general,Fishing
461,general,Evi
462,general,"Destruction, by rain"
462,general,Destruction
462,general,Endless
464,general,Fearless
470,general,Esteem
471,general,Esteem
475,general,"Destruction, wind"
475,general,Destruction
476,general,"Destruction, wind"
476,general,Destruction
482,general,Egotism
484,general,Friendship
486,general,Entanglement
486,general,"Fishing, snarled lines"
486,general,Fishing
487,general,Fear
487,general,"Flowers, falling"
487,general,Flowers
491,general,Ditch
493,general,Disturbance
493,general,Fishing
497,general,Disturbance
497,general,Forests
499,general,Deceit
499,general,"Excrement, games with"
499,general,"Excrement, hidden"
499,general,"Excrement, hands"
499,general,Excrement
499,general,"Games, of children"
499,general,Games
500,general,"Excrement, hands"
500,general,Excrement
503,general,Derision
503,general,Feasts
503,general,"Food, lack of"
503,general,Food
506,general,"Fish, bait"
506,general,Fish
507,general,Difficulties
507,general,Endurance
508,general,Dreams
508,general,Exposure
508,general,Genitals
510,general,Dreams
511,general,Futility
512,general,Fire
514,general,"Family, invitations to rest"
514,general,"Family, recognition by"
514,general,Family
514,general,"Friend, invitation of to"
514,general,Friend
515,general,Eating
516,general,Fragrance
516,general,Friend
516,general,Friendship
518,general,Door
518,general,"Food, for others"
518,general,Food
519,general,"Food, of death"
519,general,Food
520,general,Gods
521,general,"Eating, of seafood"
521,general,Eating
522,general,"Destruction, by the gods"
522,general,Destruction
522,general,"Excrement, use in sorcery"
522,general,Excrement
522,general,Gods
528,general,"Eyes, bright"
528,general,Eyes
533,general,"Gathering, of food (see also fishing),"
535,general,Feathers
539,general,Genealogy
547,general,Evi
548,general,"Food, patch"
548,general,Food
549,general,Disappointment
549,general,Dreams
549,general,Failure
550,general,"Destruction, leads to"
550,general,Destruction
550,general,Ditch
553,general,"Education (see also knowledge, learning)"
555,general,Echo
557,general,"Gods, recognition of chiefs"
557,general,Gods
558,general,Dreams
561,general,"Family, large"
561,general,Family
561,general,"Food, bowls of"
561,general,Food
562,general,Dog
564,general,Friendship
565,general,Friendliness
567,general,Eyes
568,general,Famine
568,general,Food
569,general,Gladness
573,general,Exposure
573,general,Genitals
574,general,Forgetfulness
576,general,"Friendship, disowned"
576,general,Friendship
577,general,Gods
583,general,Friend
584,general,Disgrace
584,general,"Family, fornication within"
584,general,Family
584,general,Fornication (see also adultery)
587,general,Dreams
590,general,Dislike
591,general,Dye
591,general,Equality
593,general,Food
595,general,"Fighting (see also battle, warfare), when provoked"
595,general,"Fighting (see also battle, warfare)"
598,general,Dreams
598,general,Family
599,general,Elders
599,general,Feathers
600,general,Envy
600,general,"Favorite, of a superior"
601,general,Elders
601,general,Family
601,general,Feathers
604,general,Experience
604,general,"Fish, hooked"
604,general,"Fish, wary"
604,general,Fish
605,general,"Fish, ease in catching"
605,general,Fish
605,general,"Fishermen, know where to look"
605,general,Fishermen
606,general,Deceit
606,general,Entanglement
606,general,"Enticement/lure, by words"
606,general,Enticement/lure
606,general,Flattery
607,general,Dissatisfaction
607,general,"Gathering, of food (see also fishing),"
608,general,Desires
608,general,"Gathering, of food (see also fishing),"
609,general,"Fish, ease in catching"
609,general,Fish
610,general,"Fish, death"
610,general,Fish
610,general,Fishing
611,general,"Fish, uncookable"
611,general,Fish
611,general,"Genealogy, permanence of"
611,general,Genealogy
612,general,Fish
612,general,"Fishing, sea"
612,general,"Fishing, preparationfor"
612,general,Fishing
613,general,Excellence
613,general,"Fish, ease in catching"
613,general,"Fish, of the shallows"
613,general,Fish
613,general,Fishermen
613,general,"Fishing, shallow water"
613,general,Fishing
614,general,"Fish, of the shallows"
614,general,Fish
614,general,"Fishing, shallow water"
614,general,Fishing
615,general,Dependence
615,general,Exploitation (see also parasite)
616,general,Evi
616,general,Fish
618,general,Flight
625,general,"Dust, in eyes"
625,general,Dust
625,general,"Eyes, dust in"
625,general,Eyes
628,general,Dog
629,general,"Dog, pet"
629,general,"Dog, well-fed"
629,general,Dog
630,general,Flowers
633,general,"Family, promiscuous and careless"
633,general,Family
637,general,Fragrance
640,general,"God, caterpillar"
642,general,Genealogy
645,general,Envy
650,general,Diving
651,general,"Flowers, bloom"
651,general,Flowers
652,general,Etosion
654,general,Fishing
657,general,"Fishing, net (see also nets)"
657,general,Fishing
659,general,"Flowers, floating on sea"
659,general,Flowers
660,general,Fishing
661,general,Fishing
667,general,"Fathers, unknown"
667,general,Fathers
668,general,Excrement
668,general,"Fathers, unknown"
668,general,Fathers
668,general,Genealogy
675,general,Girls (see also women)
676,general,Fear
676,general,"Fighting (see also battle, warfare), of children"
676,general,"Fighting (see also battle, warfare)"
679,general,Diving
679,general,Easy
679,general,Experience
682,general,Equality
683,general,Dew
684,general,Farmers
685,general,Elders
685,general,"Family, differences within"
685,general,Family
687,general,"Fathers, unknown"
687,general,Fathers
688,general,Elders
690,general,"Gifts, hunting for"
690,general,Gifts
694,general,Drunkenness
695,general,"Flowers, falling"
695,general,Flowers
696,general,Esteem
701,general,Dust
705,general,Equality
706,general,Futility
707,general,Excrement
713,general,"Food, unable to grow"
713,general,Food
714,general,Esteem
715,general,Forests
716,general,"Flight, timefor"
716,general,Flight
717,general,Endurance
718,general,Earth
721,general,Disturbance
722,general,Dislike
725,general,"Depth, of an individual"
725,general,Fishermen
725,general,Fishing
726,general,Fishermen
727,general,Fishermen
727,general,Fishing
728,general,Dog
730,general,Dependence
731,general,Forgetfulness
732,general,"Ghosts/spirits, in canoe"
732,general,Ghosts/spirits
735,general,Discord
737,general,Disappointment
738,general,Flowers
739,general,Fire
739,general,Firebrands
746,general,Firebrands
748,general,"Friend, avoidance of"
748,general,Friend
751,general,Efficiency
751,general,Fish
753,general,Eyes
753,general,Flirtation
754,general,Decomposition (see also rotten)
754,general,"Family, best"
754,general,Family
755,general,Generosity
758,general,Earth
758,general,"Eating, of earth"
758,general,"Eating, of mud"
758,general,Eating
758,general,"Food, of O'ahu"
758,general,Food
761,general,Family
761,general,Feathers
761,general,"Friend, high-ranking people"
761,general,Friend
762,general,Flea
766,general,Ear
768,general,"Food, promise of"
768,general,Food
769,general,"Fish, bait"
769,general,Fish
769,general,Fishpond
772,general,Equality
774,general,Details
774,general,"Fishing, net (see also nets)"
774,general,Fishing
776,general,Diving
776,general,Fishing
779,general,Deeds
782,general,"Family, and leprosy"
782,general,Family
782,general,"Friend, and leprosy"
782,general,Friend
784,general,Gender
784,general,Genitals
786,general,Face
787,general,"Friend, invitation of to"
787,general,Friend
789,general,Fishhook
792,general,Fickle
793,general,"Descendants, genealogy"
793,general,Descendants
794,general,"Descendants, genealogy"
794,general,Descendants
795,general,"Descendants, genealogy"
795,general,Descendants
796,general,"Descendants, genealogy"
796,general,Descendants
796,general,Foolishness
797,general,"Descendants, genealogy"
797,general,Descendants
798,general,Fire
801,general,Disobedience
801,general,Fish
802,general,Dreams
806,general,"Farming (see also planting), success in"
806,general,Farming (see also planting)
806,general,Fishing
806,general,Food
810,general,"Face, rare"
810,general,Face
814,general,Forgiveness
817,general,Elders
819,general,Difficulties
819,general,Flight
820,general,Fire
820,general,"Food, cooked in embers"
820,general,Food
821,general,Drowning
822,general,Feet/foot
823,general,"Dreams, of canoe"
823,general,Dreams
824,general,Friendship
825,general,Drowning
826,general,"Farmers, hard-working"
826,general,Farmers
827,general,Fire
827,general,Firebrands
828,general,"Earth, cling to"
828,general,Earth
829,general,Flattery
830,general,Deceit
830,general,"Face, two"
830,general,Face
831,general,"Family, breaking up"
831,general,Family
832,general,"Fin, dorsal"
839,general,Ear
839,general,Etiquette
840,general,"Fighting (see also battle, warfare)"
841,general,Ferocity
843,general,Discipline
845,general,Dye
849,general,Family
849,general,Genealogy
850,general,Dependence
850,general,Exploitation (see also parasite)
853,general,Discord
853,general,Fog
854,general,Figurehead
856,general,"Ghosts/spirits, blamedfor troubles"
856,general,Ghosts/spirits
859,general,Elusiveness
860,general,Food
861,general,Dependence
861,general,Exploitation (see also parasite)
862,general,Gentleness
865,general,Fat
868,general,Deeds
868,general,Fingers
869,general,Generosity
870,general,"Eating, with fingers"
870,general,Eating
870,general,Farmers
870,general,Fingers
873,general,Fishhook
876,general,Feet/foot
877,general,Drum
882,general,"Fish, mashed"
882,general,Fish
884,general,Friend
886,general,Diligence
889,general,"Eyes, downcast"
889,general,Eyes
889,general,"Food, not shared"
889,general,Food
891,general,Family
892,general,Food
894,general,"Genealogy, questionable"
894,general,Genealogy
897,general,Exploitation (see also parasite)
898,general,Discipline
898,general,Goat
900,general,Exploitation (see also parasite)
900,general,Fishermen
903,general,"Gathering, of food (see also fishing),"
904,general,Failure
904,general,"Family, symbol of"
904,general,Family
905,general,Difficulties
905,general,Endurance
907,general,"Gathering, of food (see also fishing),"
908,general,"Ghosts/spirits, wandering"
908,general,Ghosts/spirits
912,general,Economy
913,general,"Gods, of"
913,general,Gods
915,general,Fish
918,general,Gods
920,general,"Flowers, rare"
920,general,Flowers
921,general,"Descendants, genealogy"
921,general,Descendants
921,general,Genealogy
922,general,Esteem
922,general,"Flowers, high"
922,general,"Flowers, on topmost branch"
922,general,Flowers
930,general,Disruption
932,general,Diligence
933,general,Determination
934,general,"Dust, in eyes"
934,general,Dust
934,general,"Eyes, dust in"
934,general,Eyes
934,general,"Family, shame brought to"
934,general,Family
937,general,"Family, inheritance of fondness"
937,general,Family
937,general,Fondness
937,general,"Food, favorite"
937,general,Food
939,general,Difficulties
939,general,Expert (see also skill)
941,general,"Games, beginning"
941,general,Games
942,general,Fishing
943,general,Fire
946,general,Famine
949,general,Fish
949,general,"Food, scarcity of"
949,general,Food
950,general,Excrement
951,general,"Diaphragm (see also chest, stomach)"
956,general,"Fishing, spear"
956,general,Fishing
957,general,"Fighting (see also battle, warfare)"
962,general,Derision
964,general,"Fishing, net (see also nets)"
964,general,Fishing
965,general,"Food, containersfor"
965,general,Food
966,general,Donkey
970,general,"Eating, finicky"
970,general,Eating
970,general,"Food, choosiness about"
970,general,Food
971,general,"Drifter (see also vagabond, wanderer)"
972,general,"Gifts, of that grown or made"
972,general,Gifts
976,general,Friend
979,general,Deceit
979,general,Errors
979,general,"Fish, used for deception"
979,general,Fish
979,general,Fishermen
980,general,Errors
980,general,Forgiveness
981,general,"Errors, of parents visited on children"
981,general,Errors
981,general,Evi
982,general,Deceit
982,general,Destruction
982,general,"Dreams, nightmares"
982,general,Dreams
982,general,"Ghosts/spirits, of Lana'i"
982,general,Ghosts/spirits
984,general,Entanglement
985,general,Entanglement
985,general,"Fishing, snarled lines"
985,general,Fishing
986,general,Exploitation (see also parasite)
986,general,Family
986,general,"Genealogy, lack of"
986,general,Genealogy
987,general,Fear
987,general,"Flight, in fear"
987,general,Flight
987,general,Forests
989,general,Difficulties
989,general,"Fishing, appropriate timefor"
989,general,Fishing
992,general,Friend
993,general,Discussion
994,general,Dependence
994,general,"Family, extended"
994,general,Family
995,general,Dependence
997,general,"Eating, of taro"
997,general,Eating
997,general,Fish
997,general,Food
1003,general,"Farmers, proud"
1003,general,Farmers
1003,general,Farming (see also planting)
1005,general,Forests
1005,general,"Fragrance, of lehua"
1005,general,Fragrance
1008,general,"Drunkenness, and fighting"
1008,general,Drunkenness
1008,general,"Fighting (see also battle, warfare)"
1010,general,Fog
1012,general,Games
1014,general,Evi
1015,general,Explanation
1016,general,Fire
1016,general,"Food, supply of source of supply"
1016,general,Food
1018,general,Gestures
1021,general,"Errors, have wronged"
1021,general,Errors
1021,general,Fear
1022,general,Diving
1024,general,"Family, return to"
1024,general,Family
1025,general,Estrangement
1025,general,"Family, among"
1025,general,"Family, loyalty to"
1025,general,Family
1027,general,Fish
1032,general,"Eating, of crabs"
1032,general,Eating
1032,general,Fishing
1033,general,Tepa
1035,general,Departure
1036,general,Departure
1037,general,Departure
1039,general,Destitution (see also poverty)
1039,general,Disappointment
1039,general,Failure
1042,general,Dependence
1042,general,"Family, dependence on"
1042,general,Family
1044,general,Destitution (see also poverty)
1044,general,Disappointment
1045,general,Generosity
1045,general,"Gifts, chief"
1045,general,Gifts
1047,general,"Eyes, only one"
1047,general,Eyes
1047,general,"Fishermen, one-eyed"
1047,general,Fishermen
1047,general,"Fishing, signs re"
1047,general,Fishing
1048,general,Fishermen
1048,general,Fishing
1050,general,Fire
1051,general,Evi
1051,general,Family
1052,general,Food
1052,general,"Gathering, of people"
1055,general,Departure
1057,general,"Fish, not shared"
1057,general,Fish
1057,general,"Fishermen, stingy"
1057,general,Fishermen
1057,general,Food
1060,general,Fish
1060,general,Fishing
1060,general,Food
1061,general,"Friend, snub by"
1061,general,Friend
1062,general,Enthusiasm
1064,general,"Friend, snub by"
1064,general,Friend
1067,general,Equality
1069,general,Fathers
1070,general,Dependence
1071,general,Fishing
1072,general,Evi
1073,general,Eggs
1074,general,Equality
1074,general,Family
1074,general,Feathers
1075,general,Friendliness
1076,general,Enemy
1076,general,Finality
1077,general,"Errors, unhappiness over"
1077,general,Errors
1081,general,Flatulence
1082,general,"Food, humble"
1082,general,Food
1083,general,Equality
1084,general,Denial
1084,general,"Eyes, denial of"
1084,general,Eyes
1084,general,Food
1085,general,Genealogy
1087,general,Eating
1089,general,Face
1089,general,Friendliness
1091,general,"Dreams, of phallic stone"
1091,general,Dreams
1095,general,"Gods, denial of"
1095,general,"Gods, power of"
1095,general,Gods
1096,general,Denial
1097,general,"Destruction, by the gods"
1097,general,Destruction
1097,general,Gods
1103,general,Distress
1103,general,"Gods, assistance of"
1103,general,"Gods, home of"
1103,general,Gods
1106,general,Eagerness
1106,general,Eating
1108,general,Disappointment
1108,general,Effort
1108,general,Fishermen
1108,general,Fishing
1109,general,"Fish, big"
1109,general,Fish
1109,general,Fishing
1112,general,Fear
1113,general,"Destruction, leads to"
1113,general,Destruction
1113,general,"Friend, favorite"
1113,general,Friend
1114,general,Disappointment
1114,general,Errors
1114,general,Genitals
1115,general,Disappointment
1115,general,Errors
1115,general,"Fish, without eyes"
1115,general,Fish
1116,general,Errors
1117,general,Exposure
1118,general,Family
1118,general,Fertility
1122,general,Exposure
1125,general,Errors
1128,general,Face
1128,general,"Games, of chiefs"
1128,general,Games
1128,general,"Gathering, of people"
1130,general,Entanglement
1130,general,Fishhook
1130,general,"Fishing, snarled lines"
1130,general,Fishing
1135,general,Egotism
1137,general,Flood
1138,general,Fishing
1139,general,"Face, to the wall"
1139,general,Face
1139,general,Fear
1139,general,Fearless
1139,general,"Flight, in fear"
1139,general,Flight
1140,general,Face
1141,general,Face
1142,general,"Friend, not speaking to"
1142,general,Friend
1143,general,"Ghosts/spirits, procession of"
1143,general,Ghosts/spirits
1145,general,Famine
1146,general,Genealogy
1151,general,Deeds
1152,general,Fishermen
1153,general,Drunkenness
1154,general,Farmers
1154,general,Fishermen
1156,general,Farming (see also planting)
1156,general,Food
1157,general,"Gifts, whenvisiting"
1157,general,Gifts
1158,general,Fish
1159,general,Errors
1159,general,"Fighting (see also battle, warfare)"
1160,general,Errors
1162,general,Fishing
1168,general,Disturbance
1169,general,"Friend, weather"
1169,general,Friend
1169,general,Friendliness
1170,general,"Friend, weather"
1170,general,Friend
1170,general,Friendliness
1174,general,"Eating, thieves"
1174,general,Eating
1174,general,"Eyes, of athiefl"
1174,general,Eyes
1175,general,Distance
1176,general,Fishhook
1176,general,Fishing
1177,general,Deeds
1177,general,"Fragrance, from afar"
1177,general,"Fragrance, of mokihana"
1177,general,Fragrance
1179,general,Foreigners (see also Caucasians)
1180,general,Drunkenness
1181,general,Drunkenness
1181,general,Funeral
1183,general,Fishhook
1183,general,Fishing
1184,general,Fishing
1187,general,Eating
1189,general,Drum
1189,general,Foolishness
1192,general,"Destination, inquiry as to"
1193,general,Departure
1193,general,Distance
1193,general,"Friend, disinterested"
1193,general,Friend
1194,general,"Eating, of fish"
1194,general,Eating
1194,general,"Fish, choice parts"
1194,general,Fish
1194,general,Genitals
1195,general,Food
1198,general,Farming (see also planting)
1198,general,Food
1200,general,"Family, assistance within"
1200,general,Family
1202,general,Fishermen
1202,general,"Fishing, lures (see also bait)"
1202,general,Fishing
1203,general,Deceit
1204,general,Family
1204,general,Faults
1208,general,Deeds
1208,general,Expert (see also skill)
1210,general,"Friend, in time of trouble"
1210,general,Friend
1211,general,Disappointment
1214,general,Depression
1215,general,"Fish, preservation of spawn"
1215,general,"Fish, spawning"
1215,general,Fish
1216,general,"Food, humble"
1216,general,Food
1217,general,Fences
1217,general,"Gods, protection by"
1217,general,Gods
1220,general,Friend
1221,general,Fishing
1223,general,Enticement/lure
1224,general,"Gods, obedience to"
1224,general,Gods
1225,general,Details
1225,general,Drum
1227,general,"Descendants, of chiefs"
1227,general,"Descendants, of gods"
1227,general,Descendants
1227,general,Gods
1228,general,Failure
1229,general,"Descendants, genealogy"
1229,general,Descendants
1230,general,Eyes
1231,general,"Farming (see also planting), weather on"
1231,general,Farming (see also planting)
1233,general,Experience
1234,general,"Flowers, strung into lei (see also lei)"
1234,general,Flowers
1236,general,Gentleness
1238,general,Evi
1239,general,"Dreams, bananas"
1239,general,Dreams
1239,general,"Fishing, signs re"
1239,general,Fishing
1242,general,Future
1244,general,Fish
1246,general,"Food, importance of"
1246,general,Food
1249,general,"Elders, respectfor"
1249,general,Elders
1249,general,"Family, respect within"
1249,general,Family
1250,general,"Family, respect within"
1250,general,Family
1251,general,"Elders, respectfor"
1251,general,Elders
1251,general,"Family, respect within"
1251,general,Family
1252,general,Eating
1254,general,Discipline
1255,general,Fish
1262,general,"Eyes, pecked out"
1262,general,Eyes
1262,general,"Fishing, sea"
1262,general,Fishing
1263,general,"Fighting (see also battle, warfare)"
1264,general,"Games, challenge"
1264,general,Games
1267,general,"Fishing, signs re"
1267,general,Fishing
1268,general,Enticement/lure
1268,general,Feet/foot
1269,general,"Food, bosom"
1269,general,Food
1270,general,Food
1271,general,"Food, containersfor"
1271,general,"Food, swings from neck"
1271,general,Food
1273,general,Food
1274,general,"Destruction, wind"
1274,general,"Destruction, crops"
1274,general,Destruction
1274,general,"Food, destruction of"
1274,general,Food
1275,general,"Food, red-mouthed"
1275,general,Food
1279,general,Feathers
1280,general,Feet/foot
1286,general,Generosity
1289,general,Deceit
1291,general,Fragrance
1292,general,Descendants
1297,general,"Fish, not shared"
1297,general,Fish
1297,general,Food
1298,general,Flight
1299,general,Flood
1300,general,Excrement
1305,general,Desires
1308,general,"Eating, men"
1308,general,Eating
1308,general,"Genitals, dangling"
1308,general,Genitals
1310,general,"Gods, adornment of"
1310,general,Gods
1312,general,"Dust, skin"
1312,general,Dust
1312,general,"Games, dirt leaping"
1312,general,Games
1314,general,Fishermen
1314,general,Flood
1316,general,Earth
1317,general,Famine
1317,general,Food
1318,general,Fire
1318,general,Food
1320,general,"Food, barter of exchange of"
1320,general,Food
1321,general,Eyes
1321,general,"Face, unclean"
1321,general,Face
1322,general,"Eating, of clams"
1322,general,Eating
1322,general,"Fish, eaten with mud"
1322,general,Fish
1323,general,Flood
1324,general,Fish
1326,general,"Fish, sour"
1326,general,Fish
1326,general,Foreigners (see also Caucasians)
1328,general,Food
1329,general,Fishing
1330,general,"Fish, breeding of"
1330,general,Fish
1331,general,Fishing
1332,general,"Fragrance, of seaweed"
1332,general,Fragrance
1333,general,Feet/foot
1333,general,Fingers
1333,general,Fishing
1334,general,Fire
1334,general,Fishing
1335,general,"Fishing, torch"
1335,general,Fishing
1337,general,Goat
1338,general,"Fishing, snarled lines"
1338,general,Fishing
1339,general,Fish
1340,general,Fishing
1341,general,Fishing
1344,general,"Fishing, signs re"
1344,general,Fishing
1345,general,Fish
1346,general,"Eating, of taro"
1346,general,Eating
1346,general,"Food, of children"
1346,general,Food
1348,general,Dew
1352,general,Feet/foot
1352,general,Fishing
1353,general,Fire
1353,general,Fish
1355,general,Fishing
1357,general,Fishing
1357,general,Gestures
1358,general,"Fishing, torch"
1358,general,Fishing
1359,general,"Fishing, torch"
1359,general,Fishing
1361,general,"Food, vegetable"
1361,general,Food
1363,general,Fishing
1365,general,Goat
1366,general,Fishing
1370,general,Fishing
1371,general,Fishing
1372,general,Fish
1372,general,Fishing
1373,general,Fish
1374,general,Fishing
1375,general,"Food, vegetable"
1375,general,Food
1377,general,Fishing
1378,general,Feet/foot
1378,general,Fishermen
1378,general,Fishing
1380,general,Goat
1381,general,"Food, vegetable"
1381,general,Food
1383,general,Diving
1385,general,Fish
1388,general,Friendship
1389,general,Drinking (see also drunkenness)
1390,general,Fear
1392,general,Evi
1393,general,Evi
1398,general,Evi
1401,general,Family
1405,general,"Games, of chiefs"
1405,general,Games
1406,general,"Games, of chiefs"
1406,general,Games
1407,general,"Flight, in cowardice"
1407,general,Flight
1408,general,Difficulties
1412,general,Eyes
1414,general,"Education (see also knowledge, learning)"
1418,general,Expert (see also skill)
1419,general,Family
1419,general,"Genealogy, lack of"
1419,general,Genealogy
1420,general,Fear
1421,general,Earth
1426,general,Desertion
1429,general,Endurance
1432,general,"Eating, darkness"
1432,general,Eating
1432,general,Food
1433,general,"Fragrance, of laua'e"
1433,general,Fragrance
1434,general,Generosity
1434,general,Gifts
1435,general,Food
1436,general,Eyelashes
1437,general,Destruction
1438,general,"Fishermen, experienced"
1438,general,Fishermen
1441,general,Dust
1443,general,Drowning
1446,general,"Fragrance, of seaweed"
1446,general,Fragrance
1453,general,Destruction
1453,general,Fragrance
1458,general,"Fragrance, of lehua"
1458,general,Fragrance
1459,general,Dust
1462,general,Fishing
1463,general,Desertion
1466,general,"Dust, scattering"
1466,general,Dust
1467,general,Fishing
1472,general,"Excrement, of children"
1472,general,Excrement
1478,general,Fishing
1481,general,"Ghosts/spirits, annoy the living"
1481,general,Ghosts/spirits
1483,general,Deceit
1483,general,Foolishness
1485,general,"Dreams, prophetic"
1485,general,Dreams
1491,general,Forests
1495,general,Door
1496,general,Drum
1496,general,Goat
1499,general,"Ghosts/spirits, sign of"
1499,general,Ghosts/spirits
1501,general,Doorway
1501,general,"Gods, interference with"
1501,general,"Gods, poison"
1501,general,Gods
1508,general,Earth
1508,general,Footsteps
1510,general,"Goddess, dreaded, shark"
1510,general,"Goddess, dreaded"
1514,general,Ghosts/spirits
1515,general,Eyes
1516,general,Futility
1518,general,Flowers
1523,general,"Family, fighting within"
1523,general,Family
1523,general,"Fighting (see also battle, warfare)"
1524,general,Errors
1531,general,Fishing
1532,general,Fire
1532,general,Firebrands
1533,general,Ghosts/spirits
1535,general,Desolation
1535,general,Destruction
1537,general,Flesh
1538,general,Fine
1540,general,Dependence
1542,general,Fragrance
1543,general,"Dreams, guidance in"
1543,general,Dreams
1543,general,"Gods, assistance of"
1543,general,Gods
1544,general,Dependence
1544,general,Family
1545,general,Genitals
1546,general,Gods
1551,general,Fishing
1555,general,Deceit
1555,general,Eating
1555,general,Food
1557,general,"Eating, hasty"
1557,general,Eating
1564,general,Footsteps
1576,general,"Destruction, by rain"
1576,general,Destruction
1587,general,"Fragrance, land of"
1587,general,Fragrance
1605,general,Esteem
1607,general,Esteem
1608,general,Destitution (see also poverty)
1608,general,Futility
1609,general,Fishermen
1609,general,Fishing
1609,general,Flight
1610,general,Disturbance
1613,general,Desires
1613,general,Eyes
1614,general,Eyes
1618,general,Family
1620,general,"Earth, red"
1620,general,Earth
1620,general,Family
1624,general,"Destruction, of others"
1624,general,Destruction
1624,general,Excrement
1625,general,Forests
1626,general,Destruction
1626,general,"Eyes, sticky"
1626,general,Eyes
1626,general,"Face, unclean"
1626,general,Face
1626,general,Ghosts/spirits
1627,general,Food
1630,general,Farmers
1633,general,Dust
1633,general,Face
1636,general,"Effort, useless"
1636,general,Effort
1636,general,Familiarity
1638,general,Futility
1639,general,Earth
1639,general,"Eating, of earth"
1639,general,Eating
1640,general,"Eating, of trees"
1640,general,Eating
1641,general,"Eating, stones"
1641,general,Eating
1651,general,Drink
1651,general,Drinking (see also drunkenness)
1654,general,Drink
1655,general,Drought
1658,general,Drowning
1660,general,"Fishing, sounds during"
1660,general,Fishing
1663,general,Fishing
1664,general,Feathers
1666,general,Ghosts/spirits
1669,general,Fire
1669,general,Firebrands
1670,general,Genitals
1671,general,Earth
1671,general,"Gods, little"
1671,general,Gods
1674,general,Flight
1677,general,"Eyes, dugout"
1677,general,Eyes
1679,general,"Destruction, crops"
1679,general,Destruction
1681,general,Enticement/lure
1690,general,Fishing
1692,general,Faults
1694,general,Ghosts/spirits
1695,general,Failure
1696,general,"Genealogy, incomplete"
1696,general,Genealogy
1697,general,Eyes
1697,general,"Feelings, hurt"
1700,general,Denial
1700,general,"Eating, discussing business"
1700,general,Eating
1701,general,Descent
1701,general,Drunkenness
1701,general,Fog
1704,general,Fearless
1707,general,Feathers
1710,general,Escape
1710,general,"Flight, battle"
1710,general,Flight
1711,general,"Disappointment, unexpected"
1711,general,Disappointment
1711,general,Failure
1713,general,"Food, lack of"
1713,general,Food
1715,general,"Fish, white"
1715,general,Fish
1721,general,Fishing
1723,general,"Fishing, by children"
1723,general,Fishing
1725,general,"Flowers, floating on sea"
1725,general,Flowers
1732,general,Fishpond
1735,general,Food
1738,general,Gifts
1738,general,"Gods, to"
1738,general,Gods
1739,general,Eyes
1742,general,Diving
1742,general,Dust
1742,general,"Games, dirt leaping"
1742,general,Games
1743,general,Games
1746,general,Escape
1747,general,Farmers
1749,general,Elusiveness
1754,general,"Fragrance, of gardenias"
1754,general,Fragrance
1755,general,"Eyes, sleepless"
1755,general,Eyes
1756,general,Esteem
1760,general,Desires
1761,general,"Ghosts/spirits, of"
1761,general,Ghosts/spirits
1766,general,Dew
1767,general,Disagreeable
1768,general,Descendants
1770,general,Despair
1771,general,Fish
1771,general,Fishpond
1772,general,Destruction
1776,general,Deceit
1776,general,"Fish, used for deception"
1776,general,Fish
1779,general,"Ghosts/spirits, sign of"
1779,general,Ghosts/spirits
1781,general,"Flight, battle"
1781,general,Flight
1782,general,"Eating, habits of chickens"
1782,general,"Eating, habits of rats"
1782,general,"Eating, manners while"
1782,general,Eating
1782,general,"Excrement, of rats"
1782,general,Excrement
1784,general,Defense
1787,general,Egotism
1789,general,Fearless
1790,general,"Eating, large amounts"
1790,general,Eating
1790,general,Excrement
1790,general,"Food, amounts consumed"
1790,general,Food
1793,general,"Eyes, small"
1793,general,Eyes
1794,general,Eyes
1797,general,"Destruction, of others"
1797,general,Destruction
1797,general,"Fighting (see also battle, warfare)"
1798,general,Farming (see also planting)
1800,general,Fishing
1803,general,"Gods, forms of"
1803,general,Gods
1804,general,Drunkenness
1804,general,Gods
1805,general,Fish
1806,general,Fishing
1807,general,Eating
1807,general,Food
1811,general,Drought
1811,general,Family
1811,general,Famine
1815,general,Firmness (see also steadfastness)
1819,general,Fishermen
1819,general,Forgetfulness
1821,general,"Food, barter of exchange of"
1821,general,Food
1821,general,Gifts
1822,general,Famine
1823,general,Fire
1824,general,Fire
1825,general,Exploitation (see also parasite)
1825,general,Favors
1826,general,Genealogy
1829,general,Exploitation (see also parasite)
1829,general,Foreigners (see also Caucasians)
1830,general,Egotism
1838,general,Fathers
1846,general,Forests
1847,general,"Farmers, of Kona"
1847,general,Farmers
1849,general,Forgetfulness
1851,general,Generosity
1852,general,"Fish, salted"
1852,general,Fish
1853,general,Drink
1856,general,Deeds
1863,general,Farming (see also planting)
1863,general,Food
1864,general,"Flowers, use in sorcery"
1864,general,Flowers
1867,general,Gestures
1868,general,Eyes
1870,general,Gentleness
1871,general,Endurance
1872,general,Disappointment
1873,general,Despair
1874,general,Disappointment
1874,general,Doorway
1875,general,"Food, of children"
1875,general,Food
1877,general,Fire
1878,general,Desires
1879,general,Family
1881,general,"Fighting (see also battle, warfare)"
1882,general,"Feelings, hurt"
1883,general,"Flight, in games"
1883,general,Flight
1883,general,Games
1884,general,Deeds
1884,general,Disaster
1886,general,Escape
1887,general,Diving
1887,general,Gifts
1887,general,"Goddess, dreaded, turtle"
1887,general,"Goddess, dreaded"
1889,general,Fire
1891,general,Egotism
1892,general,Effort
1895,general,Genitals
1896,general,"Departure, sign of"
1896,general,Departure
1897,general,Distress
1897,general,Drunkenness
1898,general,Destruction
1900,general,Dust
1900,general,Expert (see also skill)
1906,general,Gills
1908,general,Exaggeration
1910,general,Firebrands
1911,general,Fish
1913,general,Effort
1914,general,Effort
1917,general,Funeral
1917,general,Gods
1919,general,Disappointment
1919,general,Fences
1920,general,"Destruction, of health"
1920,general,Destruction
1920,general,"God, caterpillar"
1920,general,"Gods, evil"
1920,general,Gods
1921,general,"Genealogy, boasting of"
1921,general,Genealogy
1924,general,Endurance
1931,general,"Departure, grief at"
1931,general,"Departure, of loved one"
1931,general,Departure
1932,general,"Family, close"
1932,general,Family
1935,general,Fishermen
1935,general,Food
1937,general,Flowers
1938,general,"Gathering, of people"
1939,general,Disturbance
1942,general,Games
1943,general,Deceit
1943,general,Destruction
1943,general,Ghosts/spirits
1944,general,Deeds
1944,general,Face
1944,general,"Family, shame brought to"
1944,general,Family
1944,general,"Genitals, kissing of"
1944,general,Genitals
1946,general,"Excrement, of chickens"
1946,general,Excrement
1947,general,Escape
1949,general,Fragrance
1950,general,Fire
1952,general,"Food, wrapping of"
1952,general,Food
1955,general,Fishing
1959,general,Easy-going
1959,general,Gentleness
1960,general,Disease
1960,general,Foreigners (see also Caucasians)
1963,general,Eating
1963,general,"Family, neglect of"
1963,general,Family
1964,general,Fishermen
1965,general,"Eating, with pleasure"
1965,general,Eating
1965,general,Food
1966,general,Fishermen
1966,general,"Fishing, in good weather"
1966,general,Fishing
1969,general,Fragrance
1974,general,"Flight, in conclusion"
1974,general,"Flight, in panic"
1974,general,Flight
1975,general,Deceit
1975,general,Disappointment
1975,general,Disillusionment
1975,general,Ghosts/spirits
1975,general,Giving
1976,general,Elusiveness
1977,general,Door
1978,general,Departure
1978,general,Glory
1980,general,"Eyes, angry"
1980,general,Eyes
1981,general,Departure
1981,general,Elusiveness
1985,general,Desperation
1985,general,"Genitals, size of"
1985,general,Genitals
1986,general,Fireplace
1986,general,Flight
1990,general,Fish
1990,general,Fishhook
1991,general,Fire
1991,general,Firewood
1997,general,"Girls (see also women), sexual knowledge of"
1997,general,Girls (see also women)
1999,general,Equality
2000,general,Equality
2001,general,"Gathering, of food (see also fishing),"
2002,general,Discord
2003,general,Fruit
2004,general,Fish
2007,general,"Eyes, angry"
2007,general,Eyes
2008,general,Droopy
2008,general,Drunkenness
2013,general,Deceit
2013,general,"Eyes, supernatural beings"
2013,general,Eyes
2014,general,Disappointment
2014,general,"God, caterpillar, of war"
2014,general,"God, caterpillar"
2016,general,"Disappointment, double"
2016,general,Disappointment
2016,general,"Dreams, of coconuts"
2016,general,Dreams
2016,general,Effort
2016,general,Failure
2019,general,"Goddess, dreaded"
2025,general,Drunkenness
2026,general,Food
2026,general,"Friend, weather"
2026,general,Friend
2026,general,Friendliness
2027,general,"Family, by a woman"
2027,general,Family
2029,general,Flight
2030,general,Freckles
2031,general,"Fishing, for octopus"
2031,general,Fishing
2031,general,Foolishness
2034,general,Fog
2037,general,"Family, living without"
2037,general,Family
2038,general,Divisiveness
2039,general,Drunkenness
2041,general,Escape
2043,general,"Family, gift of lei to"
2043,general,Family
2043,general,"Gifts, of a lei"
2043,general,Gifts
2044,general,Fog
2044,general,"Gathering, of food (see also fishing),"
2046,general,Diarrhea
2046,general,"Excrement, chiefs"
2046,general,"Excrement, of pigs"
2046,general,Excrement
2047,general,Egotism
2048,general,Drunkenness
2051,general,Friend
2051,general,"Friendship, advice on"
2051,general,Friendship
2052,general,"Food, waste of"
2052,general,Food
2052,general,"Gods, anger of"
2052,general,Gods
2053,general,Disturbance
2057,general,Failure
2059,general,"Gods, calling on"
2059,general,Gods
2062,general,"Departure, permanent"
2062,general,Departure
2066,general,Feet/foot
2068,general,Family
2069,general,Family
2071,general,Entirety
2072,general,Doorway
2072,general,"Feelings, hurt"
2073,general,End
2073,general,Entirety
2073,general,Genesis
2075,general,Fragrance
2075,general,Goat
2076,general,"Fighting (see also battle, warfare)"
2084,general,Exposure
2084,general,Faults
2084,general,Genitals
2086,general,Disturbance
2089,general,Flies
2092,general,Fish
2094,general,Egotism
2096,general,Fishermen
2098,general,Eyes
2098,general,Fish
2099,general,"Eyes, dirty"
2099,general,"Eyes, sticky"
2099,general,Eyes
2100,general,Errors
2101,general,Fear
2101,general,"Flowers, on way to uplands"
2101,general,Flowers
2102,general,Excrement
2102,general,Fear
2102,general,Feet/foot
2105,general,Desires
2105,general,Eyes
2108,general,"Family, close"
2108,general,Family
2110,general,Dependence
2111,general,Games
2111,general,Ghosts/spirits
2112,general,Errors
2112,general,Eyes
2113,general,Defective
2113,general,Eyes
2113,general,"Feet/foot, club"
2113,general,Feet/foot
2117,general,Defense
2117,general,"Fin, caudal"
2119,general,Forehead
2121,general,Gall bladder
2122,general,Disaster
2122,general,Evi
2125,general,Dependence
2127,general,Family
2128,general,Disaster
2129,general,Drought
2129,general,Earth
2131,general,Feet/foot
2133,general,Disagreeable
2134,general,Drought
2135,general,Flood
2137,general,Eyebrows
2137,general,Forehead
2138,general,Ear
2139,general,"Excrement, chiefs"
2139,general,Excrement
2140,general,Family
2141,general,Deeds
2141,general,"Eyes, irritated"
2141,general,Eyes
2141,general,Friendliness
2144,general,Excellence
2150,general,Fishermen
2150,general,Fishing
2152,general,"Departure, of loved one"
2152,general,Departure
2153,general,Fingertips
2154,general,Friend
2155,general,Forgetfulness
2156,general,Dog
2160,general,Destruction
2160,general,Fireplace
2166,general,Eyelashes
2171,general,"Descendants, genealogy"
2171,general,Descendants
2171,general,Dreams
2175,general,Forests
2177,general,Escape
2177,general,Flowers
2177,general,"Ghosts/spirits, procession of"
2177,general,Ghosts/spirits
2178,general,"Flowers, needforwater"
2178,general,Flowers
2179,general,Expectation
2180,general,Ferns
2182,general,"Dreams, of injury top piko"
2182,general,Dreams
2182,general,"Family, severed relationship"
2182,general,Family
2182,general,"Friendship, severing of"
2182,general,Friendship
2183,general,Fingernails
2184,general,"Fragrance, of mokihana"
2184,general,Fragrance
2187,general,Deeds
2187,general,"Dog, supernatural"
2187,general,Dog
2187,general,"Fighting (see also battle, warfare)"
2188,general,Door
2188,general,"Frightening, of children"
2188,general,"Ghosts/spirits, noses"
2188,general,Ghosts/spirits
2189,general,Ear
2190,general,Errors
2191,general,Distress
2198,general,"Eating, by handicapped"
2198,general,Eating
2203,general,"Gods, recognition of chiefs"
2203,general,Gods
2206,general,Tepa
2206,general,"Ghosts/spirits, home of"
2206,general,Ghosts/spirits
2207,general,Distress
2209,general,Gain
2209,general,"Gate, sluice"
2211,general,Fragrance
2213,general,Eyelashes
2214,general,Deeds
2214,general,"Eyes, dugout"
2214,general,Eyes
2216,general,"Departure, abrupt"
2216,general,Departure
2217,general,"Friend, weather"
2217,general,"Friend, play with"
2217,general,Friend
2219,general,Eggs
2221,general,Flowers
2222,general,Excrement
2222,general,"Family, own"
2222,general,Family
2223,general,Genealogy
2226,general,"Dog, stares"
2226,general,Dog
2230,general,First
2232,general,Food
2236,general,"Flowers, kingdom of the"
2236,general,Flowers
2239,general,Farmers
2241,general,"Food, rich"
2241,general,Food
2242,general,Deeds
2242,general,"Fighting (see also battle, warfare)"
2243,general,Flattery
2244,general,Determination
2254,general,Eyelashes
2255,general,Fragrance
2256,general,Disappearance
2257,general,"Face, outofsight"
2257,general,Face
2259,general,Eyes
2260,general,"Descendants, of rebels"
2260,general,"Descendants, of Kamaunuaniho"
2261,general,"Descendants, of gill fins"
2261,general,Descendants
2261,general,"Descendants, of shark"
2261,general,"Descendants, of Kamaunuaniho"
2261,general,"Fin, gill"
2262,general,"Descendants, driftwood"""
2262,general,Descendants
2262,general,Driftwood
2262,general,Family
2264,general,Forests
2264,general,"Gathering, of food (see also fishing),"
2267,general,Eyes
2268,general,Ear
2268,general,Eyes
2269,general,Fish
2271,general,Girls (see also women)
2273,general,Dew
2275,general,Dissipation
2277,general,"Eyes, of visitors"
2277,general,Eyes
2278,general,Fragrance
2282,general,Fishing
2283,general,Drum
2283,general,Gods
2287,general,Endurance
2289,general,"Girls (see also women), in household of'Umi"
2289,general,Girls (see also women)
2291,general,"Food, fortravel"
2291,general,Food
2293,general,Fish
2294,general,Excrement
2296,general,Fish
2296,general,"Fishermen, for"
2296,general,Fishermen
2296,general,Fishing
2303,general,Funeral
2304,general,"Face, pale"
2304,general,Face
2305,general,Divisiveness
2306,general,"Fighting (see also battle, warfare)"
2307,general,Earth
2307,general,Earthquake
2308,general,"Friend, weather"
2308,general,Friend
2310,general,"Departure, abrupt"
2310,general,"Departure, silent"
2310,general,Departure
2310,general,"Eyes, hidden"
2310,general,Eyes
2316,general,Dizziness
2316,general,Fragrance
2317,general,Divination
2319,general,Departure
2319,general,"Friend, departs angry"
2319,general,Friend
2320,general,Food
2322,general,Fish
2323,general,Escape
2327,general,"Destruction, crops"
2327,general,Destruction
2327,general,"Food, destruction of"
2327,general,Food
2328,general,Fishermen
2328,general,"Fishing, in good weather"
2328,general,Fishing
2329,general,Fire
2335,general,Forehead
2336,general,"Family, distribution of land within"
2336,general,"Family, ownership of land"
2336,general,Family
2339,general,Foolishness
2340,general,Easy-going
2342,general,Entanglement
2342,general,"Family, preserved"
2342,general,Family
2342,general,Genealogy
2346,general,Food
2348,general,Divisiveness
2348,general,Excess
2353,general,"Gem, of the seas"
2354,general,Eyes
2355,general,Diving
2357,general,Dust
2357,general,Earth
2360,general,"Dog, tied by neck"
2360,general,Dog
2363,general,Famine
2363,general,"Fish, re"
2363,general,Fish
2363,general,"Gathering, of food (see also fishing),"
2365,general,Drought
2365,general,Famine
2365,general,"Food, lack of"
2365,general,Food
2365,general,Fuel
2367,general,Fathers
2371,general,Exaggeration
2372,general,Fish
2372,general,Fishing
2372,general,Food
2373,general,Fishermen
2375,general,Disappointment
2377,general,Fish
2381,general,Eyes
2382,general,Eagerness
2383,general,Evening
2385,general,"Descendants, of Kamaunuaniho"
2392,general,Fire
2392,general,Firebrands
2393,general,Endurance
2395,general,Eating
2395,general,Fingers
2395,general,Food
2396,general,Fireplace
2396,general,Games
2400,general,Fishermen
2400,general,"Fishing, sea"
2400,general,Fishing
2403,general,"Fishermen, lucky"
2403,general,Fishermen
2403,general,Fishhook
2405,general,Distance
2405,general,Eggs
2406,general,"Destruction, leads to"
2406,general,Destruction
2407,general,"Fish, hooked"
2407,general,Fish
2407,general,Fishhook
2408,general,Dust
2410,general,"Dog, habits of"
2410,general,Dog
2410,general,Eggs
2411,general,"Dog, with master"
2411,general,Dog
2414,general,Fur
2419,general,Equality
2419,general,Games
2422,general,Flood
2424,general,"Family, held together by parents"
2424,general,Family
2427,general,Dog
2428,general,"Feelings, hurt"
2430,general,"Face, two"
2430,general,Face
2432,general,Fish
2432,general,Fishhook
2432,general,Food
2432,general,"Giving, of food"
2432,general,Giving
2434,general,Difficulties
2437,general,Deeds
2439,general,Fireplace
2440,general,Defense
2441,general,Farmers
2441,general,Fishermen
2441,general,Food
2441,general,Giving
2442,general,Familiarity
2443,general,Fishermen
2443,general,Fishing
2445,general,Games
2446,general,Food
2448,general,Feasts
2448,general,Flesh
2448,general,Gods
2452,general,Desires
2453,general,"Food, of fering of"
2453,general,Food
2454,general,Fire
2456,general,Dependence
2461,general,"Family, among"
2461,general,Family
2466,general,Flies
2468,general,"Ghosts/spirits, of"
2468,general,Ghosts/spirits
2474,general,Fishing
2476,general,"Friend, of fer to"
2476,general,Friend
2478,general,"Fishermen, expert"
2478,general,Fishermen
2478,general,"Fishing, sea"
2478,general,Fishing
2479,general,Fire
2479,general,"Food, almost ready"
2479,general,Food
2479,general,Gladness
2480,general,Fishermen
2480,general,"Food, smokeless"
2480,general,Food
2481,general,Farmers
2481,general,Food
2484,general,"Gifts, a name"
2484,general,Gifts
2484,general,"Giving, of aname"
2484,general,Giving
2485,general,"Eyes, swollen"
2485,general,Eyes
2485,general,Food
2488,general,"Elders, respectfor"
2488,general,Elders
2488,general,"Family, elders"
2488,general,Family
2490,general,"Fishermen, eating leftover bait"
2490,general,Fishermen
2490,general,Fishing
2491,general,Farmers
2492,general,Gods
2493,general,Difficulties
2493,general,Fishermen
2494,general,Fire
2497,general,Friendliness
2508,general,Fish
2508,general,Fishing
2512,general,Entanglement
2514,general,Fishhook
2514,general,"Fishing, luck in"
2514,general,Fishing
2514,general,Ghosts/spirits
2515,general,Fishpond
2518,general,Dependence
2518,general,Desertion
2519,general,Destitution (see also poverty)
2519,general,"Eating, in cavern"
2519,general,Eating
2521,general,Firmness (see also steadfastness)
2522,general,Eyes
2523,general,Food
2525,general,Egotism
2529,general,Fat
2530,general,"Dust, skin"
2530,general,Dust
2535,general,Fishing
2537,general,Fat
2541,general,"Friend, close"
2541,general,"Friend, of chiefs"
2541,general,Friend
2544,general,Food
2545,general,Family
2546,general,Failure
2546,general,Fishing
2549,general,Fireplace
2550,general,Fishing
2550,general,Freckles
2551,general,"Eyes, longing"
2551,general,Eyes
2552,general,Drinking (see also drunkenness)
2553,general,"God, caterpillar"
2556,general,Girdle
2557,general,"Eating, men"
2557,general,Eating
2560,general,Distrust
2560,general,Eating
2560,general,Evi
2561,general,Denial
2563,general,Disagreeable
2567,general,Dust
2567,general,Face
2569,general,Errors
2569,general,Failure
2570,general,Drum
2571,general,Drum
2572,general,Equality
2572,general,"Games, beginning"
2572,general,"Games, terms of"
2572,general,Games
2574,general,"Friend, shunned when prosperous"
2574,general,"Friend, snub by"
2574,general,Friend
2575,general,"Feelings, hurt"
2577,general,Encouragement
2578,general,Fish
2578,general,Fishpond
2578,general,Food
2580,general,Dust
2585,general,"Farmers, unsuccesiful"
2585,general,Farmers
2590,general,Destruction
2591,general,"Dreams, bananas"
2591,general,Dreams
2591,general,Fishing
2592,general,Excrement
2593,general,"Farmers, poor"
2593,general,Farmers
2595,general,"Face, as bright as moon"
2595,general,Face
2597,general,"Fingers, deft"
2597,general,Fingers
2598,general,Fishing
2600,general,Flag
2602,general,Descendants
2603,general,"Destruction, by lava"
2603,general,Destruction
2606,general,Deeds
2606,general,"Fire, extinguished"
2606,general,Fire
2607,general,Difficulties
2609,general,Effort
2614,general,"Friend, shunned when prosperous"
2614,general,Friend
2615,general,Eating
2615,general,Excrement
2616,general,"Destruction, by fire"
2616,general,Destruction
2616,general,Explosion
2616,general,Fire
2617,general,"Failure, oath re"
2617,general,Failure
2618,general,Destruction
2619,general,Destruction
2620,general,Disappointment
2621,general,"Eyes, awake"
2621,general,Eyes
2624,general,Departure
2624,general,Fear
2626,general,"Feelings, hurt"
2632,general,Fornication (see also adultery)
2636,general,Dust
2637,general,"Ear, base of"
2637,general,"Ear, red"
2637,general,Ear
2637,general,Embarrassment
2639,general,Excess
2642,general,Drudgery
2642,general,"Eating, hasty"
2642,general,Eating
2642,general,Flatulence
2644,general,Dependence
2647,general,Fear
2649,general,Friendship
2652,general,Family
2653,general,Discomfort
2656,general,Fish
2656,general,Fishpond
2656,general,"Flight, battle"
2656,general,Flight
2656,general,"Gate, sluice"
2659,general,Effort
2659,general,Fire
2659,general,Firewood
2660,general,Desires
2660,general,Friend
2663,general,Eyes
2664,general,Endurance
2664,general,"Gathering, of food (see also fishing),"
2667,general,Fishermen
2667,general,Fishing
2669,general,Fishermen
2669,general,Fishing
2672,general,Gall bladder
2673,general,"Feet/foot, bare"
2673,general,"Feet/foot, ""eaten"" by rocks"
2673,general,Feet/foot
2678,general,Difficulties
2680,general,Effort
2683,general,Evi
2688,general,Directness
2688,general,Fishermen
2689,general,Deceit
2689,general,"Eyes, blinded by mist"
2689,general,Eyes
2690,general,Forehead
2691,general,Forehead
2692,general,Errors
2692,general,"Excrement, hidden"
2692,general,"Excrement, of cats"
2692,general,Excrement
2693,general,Dreams
2694,general,Destruction
2695,general,"Fishing, re"
2695,general,Fishing
2696,general,Fishing
2696,general,"Gathering, of food (see also fishing),"
2697,general,Fire
2698,general,Expert (see also skill)
2699,general,Food
2700,general,"Departure, sign of"
2700,general,Departure
2702,general,Fishing
2704,general,Fishermen
2707,general,Drinking (see also drunkenness)
2707,general,"Face, red"
2707,general,Face
2708,general,Effort
2708,general,Futility
2711,general,"Departure, in haste"
2711,general,Departure
2711,general,Feathers
2712,general,Endurance
2712,general,"Eyes, ashes in"
2712,general,Eyes
2712,general,Fire
2712,general,Fireplace
2713,general,Fireplace
2713,general,Flight
2715,general,"Eyes, of athiefl"
2715,general,Eyes
2718,general,Fragrance
2723,general,Fishermen
2723,general,"Fishing, skill in"
2723,general,Fishing
2724,general,Fear
2724,general,Fishing
2724,general,Flight
2726,general,"Face, of baby"
2726,general,Face
2727,general,Ditch
2729,general,Departure
2730,general,"Eating, of fish"
2730,general,Eating
2730,general,Escape
2732,general,Destruction
2732,general,"Fighting (see also battle, warfare)"
2733,general,Dislike
2733,general,"Dust, in eyes"
2733,general,Dust
2733,general,"Eyes, dust in"
2733,general,Eyes
2734,general,Fishermen
2734,general,Fishing
2735,general,Firebrands
2736,general,Firebrands
2737,general,Drunkenness
2739,general,Drunkenness
2740,general,Drunkenness
2741,general,Dew
2741,general,Drunkenness
2742,general,Fire
2743,general,Family
2748,general,Eyelashes
2749,general,Fragrance
2750,general,Eyes
2751,general,Departure
2751,general,Escape
2752,general,Departure
2752,general,Fish
2752,general,Flight
2753,general,Disappearance
2754,general,Food
2755,general,Fishermen
2755,general,Fishing
2757,general,Fragrance
2759,general,Difficulties
2760,general,Energy (see also activity)
2760,general,Fire
2760,general,Generosity
2761,general,Fling
2762,general,"Farmers, providefor many"
2762,general,Farmers
2762,general,Food
2764,general,Forehead
2765,general,Flowers
2766,general,Fearless
2767,general,Fish
2768,general,Fish
2769,general,Elders
2769,general,Gain
2770,general,Eating
2771,general,Eating
2771,general,Expert (see also skill)
2772,general,Eating
2772,general,Expert (see also skill)
2772,general,Fish
2773,general,"Education (see also knowledge, learning)"
2773,general,Enlightenment
2777,general,Failure
2782,general,"Flight, unpleasantness"
2782,general,Flight
2783,general,Drunkenness
2784,general,Dislike
2789,general,Earth
2791,general,Difficulties
2792,general,Deceit
2792,general,Foolishness
2793,general,Futility
2793,general,Glory
2794,general,"Errors, caught in"
2794,general,Errors
2794,general,Forgiveness
2795,general,Eyes
2797,general,Dizziness
2797,general,Drunkenness
2798,general,Departure
2798,general,Disappointment
2800,general,Farming (see also planting)
2800,general,Food
2804,general,Disaster
2804,general,Flight
2806,general,Difficulties
2811,general,Dependence
2815,general,Departure
2815,general,Elusiveness
2818,general,Departure
2823,general,Flippers
2824,general,Drink
2824,general,Drunkenness
2827,general,"Flowers, withered"
2827,general,Flowers
2830,general,Fire
2832,general,Eating
2835,general,Favors
2837,general,Friend
2837,general,"Gifts, none to of fer"
2837,general,Gifts
2838,general,"Farmers, efforts"
2838,general,Farmers
2838,general,"Fishermen, own efforts"
2838,general,Fishermen
2839,general,"Diaphragm (see also chest, stomach)"
2839,general,Eating
2840,general,Dog
2842,general,Disappointment
2842,general,Dreams
2843,general,Equality
2844,general,"Girls (see also women), virginity"
2844,general,Girls (see also women)
2845,general,Failure
2847,general,Disgust
2847,general,"Errors, too many"
2847,general,Errors
2847,general,Excess
2847,general,Glass
2849,general,Desires
2852,general,Face
2852,general,"Families, relationships between"
2854,general,Feathers
2855,general,Flight
2856,general,Fornication (see also adultery)
2857,general,Food
2859,general,Errors
2863,general,"Flowers, tiny"
2863,general,Flowers
2863,general,Fragrance
2873,general,Disappointment
2874,general,Flood
2879,general,"Gathering, of people"
2881,general,"Flowers, strung into lei (see also lei)"
2881,general,Flowers
2882,general,"Genitals, size of"
2882,general,Genitals
2883,general,Desires
2884,general,Effort
2884,general,Gain
2885,general,Effort
2885,general,Gain
2887,general,Egotism
2888,general,Earth
2889,general,"Effort, successful"
2889,general,Effort
2893,general,Foolishness
2897,general,Drunkenness
2899,general,"Gods, to"
2899,general,Gods
2900,general,Feathers
2901,general,Ear
2901,general,Fishing
2903,general,"Drinking (see also drunkenness), from ti-leaf cup"
2903,general,Drinking (see also drunkenness)
2907,general,Exposure
2908,general,Energy (see also activity)
2908,general,Evening
2909,general,Exposure
2910,general,Fish
2910,general,Food
2916,general,Gentleness
2917,general,Ferns
2919,general,Games
2923,general,Fishpond
2923,general,"Gate, sluice"
2924,general,"Family, severed relationship"
2924,general,Family
2925,general,Flight
2926,general,Departure
2927,general,Fish
2927,general,Forgetfulness
2928,general,Departure
2933,general,"Destination, inquiry as to"
2933,general,"Fishing, re"
2933,general,"Fishing, re"
2933,general,Fishing
2933,general,Ghosts/spirits
2934,general,Dread
2934,general,Fear
2934,general,"Goddess, dreaded"
2936,general,"Eyes, longing"
2936,general,Eyes
2940,general,Dust
2942,general,Elders
